{"False": {"precision": 0.9389204545454546, "recall": 0.9529072561268621, "f1-score": 0.9458621512043883, "support": 2081}, "True": {"precision": 0.7012195121951219, "recall": 0.6406685236768802, "f1-score": 0.6695778748180494, "support": 359}, "accuracy": 0.9069672131147541, "macro avg": {"precision": 0.8200699833702882, "recall": 0.7967878899018712, "f1-score": 0.8077200130112189, "support": 2440}, "weighted avg": {"precision": 0.903947242125877, "recall": 0.9069672131147541, "f1-score": 0.905212128572136, "support": 2440}}