{"train_sizes": [780, 2537, 4293, 6050, 7807], "train_scores": [[0.9717948717948718, 0.9717948717948718, 0.9717948717948718, 0.9717948717948718, 0.9717948717948718], [0.9452108789909341, 0.9444225463145447, 0.9365392195506503, 0.9365392195506503, 0.9365392195506503], [0.9303517353831819, 0.9331469834614489, 0.929187048683904, 0.927556487304915, 0.927556487304915], [0.924297520661157, 0.9236363636363636, 0.9239669421487603, 0.9219834710743802, 0.9229752066115703], [0.9214807224285897, 0.9219930831305239, 0.9199436403227872, 0.9234020750608428, 0.9185346483924683]], "test_scores": [[0.8785860655737705, 0.8913934426229508, 0.8944672131147541, 0.8867827868852459, 0.8954382368016401], [0.8960040983606558, 0.9001024590163934, 0.8970286885245902, 0.8949795081967213, 0.8985135827780625], [0.8960040983606558, 0.8965163934426229, 0.9057377049180327, 0.8954918032786885, 0.8985135827780625], [0.8934426229508197, 0.899077868852459, 0.9042008196721312, 0.8908811475409836, 0.9000512557662738], [0.8985655737704918, 0.9006147540983607, 0.9052254098360656, 0.8980532786885246, 0.9036391594054332]], "fit_times": [[0.16827106475830078, 0.16598010063171387, 0.1696462631225586, 0.16828274726867676, 0.17440295219421387], [0.4519681930541992, 0.4302215576171875, 0.43366003036499023, 0.44010281562805176, 0.4501469135284424], [0.6932590007781982, 0.7123043537139893, 0.7025852203369141, 0.7039773464202881, 0.7329862117767334], [0.9684329032897949, 0.9809048175811768, 0.9791035652160645, 0.9827730655670166, 0.9923949241638184], [1.2304401397705078, 1.2591676712036133, 1.2483656406402588, 1.2588660717010498, 1.2494258880615234]]}