{"train_sizes": [780, 2537, 4293, 6050, 7807], "train_scores": [[0.8448717948717949, 0.8384615384615385, 0.8384615384615385, 0.8384615384615385, 0.8384615384615385], [0.8711076074103271, 0.8695309420575483, 0.8612534489554592, 0.8612534489554592, 0.8612534489554592], [0.8767761472163987, 0.8756114605171209, 0.8730491497787095, 0.8735150244584207, 0.8735150244584207], [0.8847933884297521, 0.8798347107438017, 0.8813223140495868, 0.8781818181818182, 0.8788429752066116], [0.884334571538363, 0.8836941206609453, 0.8827974894325605, 0.8813884975022416, 0.8821570385551428]], "test_scores": [[0.8514344262295082, 0.8570696721311475, 0.8632172131147541, 0.8621926229508197, 0.8600717580727832], [0.8560450819672131, 0.8642418032786885, 0.8627049180327869, 0.8744877049180327, 0.8626345463864685], [0.8539959016393442, 0.8683401639344263, 0.8719262295081968, 0.875, 0.8651973347001538], [0.8555327868852459, 0.8637295081967213, 0.8683401639344263, 0.8765368852459017, 0.867247565351102], [0.8591188524590164, 0.867827868852459, 0.8719262295081968, 0.8775614754098361, 0.8723731419784726]], "fit_times": [[0.006421327590942383, 0.006730556488037109, 0.006759166717529297, 0.00763249397277832, 0.0059833526611328125], [0.017884492874145508, 0.01778244972229004, 0.018429279327392578, 0.022716522216796875, 0.0198824405670166], [0.042366743087768555, 0.03689932823181152, 0.037448883056640625, 0.037027835845947266, 0.040953874588012695], [0.0688619613647461, 0.06846141815185547, 0.0611417293548584, 0.07205748558044434, 0.0717935562133789], [0.05987405776977539, 0.06388735771179199, 0.07283234596252441, 0.06773924827575684, 0.09850478172302246]]}