{"False": {"precision": 0.895925597874225, "recall": 0.9721287842383469, "f1-score": 0.932472920027656, "support": 2081}, "True": {"precision": 0.6813186813186813, "recall": 0.34540389972144847, "f1-score": 0.4584103512014788, "support": 359}, "accuracy": 0.8799180327868853, "macro avg": {"precision": 0.7886221395964532, "recall": 0.6587663419798977, "f1-score": 0.6954416356145674, "support": 2440}, "weighted avg": {"precision": 0.8643502359711759, "recall": 0.8799180327868853, "f1-score": 0.862723550270034, "support": 2440}}