{"train_sizes": [780, 2537, 4293, 6050, 7807], "train_scores": [[0.9076923076923077, 0.8871794871794871, 0.8871794871794871, 0.8871794871794871, 0.8871794871794871], [0.9030350808040993, 0.9002759164367363, 0.8971225857311785, 0.8971225857311785, 0.8971225857311785], [0.9028651292802237, 0.9014675052410901, 0.9014675052410901, 0.9000698812019566, 0.9000698812019566], [0.9039669421487603, 0.9044628099173554, 0.9023140495867769, 0.9023140495867769, 0.9011570247933884], [0.9044447290892789, 0.9027795568079928, 0.9012424747021903, 0.901882925579608, 0.9043166389137953]], "test_scores": [[0.8744877049180327, 0.8760245901639344, 0.875, 0.8775614754098361, 0.8790363915940543], [0.8857581967213115, 0.8857581967213115, 0.8790983606557377, 0.8903688524590164, 0.8908252178370066], [0.8872950819672131, 0.8862704918032787, 0.8826844262295082, 0.8949795081967213, 0.8918503331624807], [0.8847336065573771, 0.8872950819672131, 0.882172131147541, 0.8929303278688525, 0.8892875448487955], [0.8857581967213115, 0.8878073770491803, 0.889344262295082, 0.891905737704918, 0.8923628908252178]], "fit_times": [[0.020582199096679688, 0.021995067596435547, 0.022469758987426758, 0.022124052047729492, 0.024074554443359375], [0.15029168128967285, 0.147979736328125, 0.15470600128173828, 0.15462946891784668, 0.1535639762878418], [0.3990182876586914, 0.39241695404052734, 0.3947713375091553, 0.3958613872528076, 0.3994131088256836], [0.7291121482849121, 0.735929012298584, 0.7363371849060059, 0.7615301609039307, 0.7728965282440186], [1.2165422439575195, 1.2194890975952148, 1.2147252559661865, 1.2537221908569336, 1.1998672485351562]]}