{"False": {"precision": 0.9153776160145587, "recall": 0.9668428640076886, "f1-score": 0.9404066370647348, "support": 2081}, "True": {"precision": 0.7148760330578512, "recall": 0.4818941504178273, "f1-score": 0.5757071547420964, "support": 359}, "accuracy": 0.8954918032786885, "macro avg": {"precision": 0.8151268245362049, "recall": 0.7243685072127579, "f1-score": 0.7580568959034156, "support": 2440}, "weighted avg": {"precision": 0.8858775880303547, "recall": 0.8954918032786885, "f1-score": 0.8867479837230025, "support": 2440}}