{"False": {"precision": 0.9275092936802974, "recall": 0.9591542527630946, "f1-score": 0.943066383179778, "support": 2081}, "True": {"precision": 0.7048611111111112, "recall": 0.5654596100278552, "f1-score": 0.6275115919629058, "support": 359}, "accuracy": 0.9012295081967213, "macro avg": {"precision": 0.8161852023957044, "recall": 0.7623069313954749, "f1-score": 0.7852889875713419, "support": 2440}, "weighted avg": {"precision": 0.8947508110809786, "recall": 0.9012295081967213, "f1-score": 0.8966384446359842, "support": 2440}}