{"train_sizes": [780, 2537, 4293, 6050, 7807], "train_scores": [[0.9487179487179487, 0.9346153846153846, 0.9346153846153846, 0.9371794871794872, 0.9346153846153846], [0.931415057154119, 0.9302325581395349, 0.9176192353173039, 0.9176192353173039, 0.9176192353173039], [0.9219659911483811, 0.9215001164686699, 0.9175401816911251, 0.9203354297693921, 0.9203354297693921], [0.9153719008264463, 0.9188429752066116, 0.9155371900826447, 0.9176859504132231, 0.9181818181818182], [0.9173818368131165, 0.9155885743563469, 0.9134110413731267, 0.914435762776995, 0.9155885743563469]], "test_scores": [[0.8596311475409836, 0.860655737704918, 0.8703893442622951, 0.8570696721311475, 0.8728856996412097], [0.8744877049180327, 0.8847336065573771, 0.8852459016393442, 0.8842213114754098, 0.8841619682214249], [0.8837090163934426, 0.8883196721311475, 0.8944672131147541, 0.8878073770491803, 0.8913377754997437], [0.889344262295082, 0.8878073770491803, 0.9021516393442623, 0.8949795081967213, 0.8995386981035366], [0.889344262295082, 0.8939549180327869, 0.9052254098360656, 0.9021516393442623, 0.9056893900563814]], "fit_times": [[0.006800174713134766, 0.00740504264831543, 0.006817817687988281, 0.006636381149291992, 0.006779193878173828], [0.015720844268798828, 0.015494346618652344, 0.01701188087463379, 0.01524043083190918, 0.015119791030883789], [0.024471044540405273, 0.02454972267150879, 0.02428460121154785, 0.023745298385620117, 0.02447056770324707], [0.03451967239379883, 0.03391122817993164, 0.03215456008911133, 0.0331416130065918, 0.03335285186767578], [0.044320106506347656, 0.043161630630493164, 0.04310345649719238, 0.04288959503173828, 0.043576955795288086]]}