{"train_sizes": [1145, 3722, 6299, 8876, 11454], "train_scores": [[0.9109170305676856, 0.8820960698689956, 0.8820960698689956, 0.8820960698689956, 0.8820960698689956], [0.8116603976356798, 0.9658785599140247, 0.906501880709296, 0.906501880709296, 0.906501880709296], [0.8879187172567075, 0.8833148118749008, 0.8869661851087475, 0.8056834418161612, 0.805524686458168], [0.8297656602073006, 0.9045741324921136, 0.8103875619648491, 0.8998422712933754, 0.8874493014871564], [0.9079797450672255, 0.9570455735987428, 0.8917408765496769, 0.7716081718177056, 0.8564693556836039]], "test_scores": [[0.8907122905027933, 0.8729050279329609, 0.8736033519553073, 0.8665735242752358, 0.879846315054139], [0.799231843575419, 0.9636871508379888, 0.9064245810055865, 0.9060426126440796, 0.9070904645476773], [0.8729050279329609, 0.8914106145251397, 0.8858240223463687, 0.8061473978344394, 0.8113866573524275], [0.8212290502793296, 0.9008379888268156, 0.8205307262569832, 0.8945162417045057, 0.8910234020258471], [0.9071229050279329, 0.9532122905027933, 0.8956005586592178, 0.7663290254977296, 0.8641285365001746]], "fit_times": [[0.05197572708129883, 0.04440498352050781, 0.04453468322753906, 0.044855594635009766, 0.04705452919006348], [0.16390228271484375, 0.16124916076660156, 0.16287517547607422, 0.16187810897827148, 0.16371726989746094], [0.27568769454956055, 0.2819185256958008, 0.28070712089538574, 0.28690576553344727, 0.28044581413269043], [0.4014880657196045, 0.40015387535095215, 0.40195417404174805, 0.4034295082092285, 0.3946075439453125], [0.527691125869751, 0.5292270183563232, 0.5297582149505615, 0.5282812118530273, 0.5259068012237549]]}