{"0": {"precision": 0.914765525982256, "recall": 0.8836853382307928, "f1-score": 0.8989568737350148, "support": 3267}, "1": {"precision": 0.10377358490566038, "recall": 0.14057507987220447, "f1-score": 0.11940298507462688, "support": 313}, "accuracy": 0.8187150837988827, "macro avg": {"precision": 0.5092695554439582, "recall": 0.5121302090514986, "f1-score": 0.5091799294048208, "support": 3580}, "weighted avg": {"precision": 0.8438603646534921, "recall": 0.8187150837988827, "f1-score": 0.8308003465979473, "support": 3580}}