{"train_sizes": [1145, 3722, 6299, 8876, 11454], "train_scores": [[0.9755458515283842, 0.9755458515283842, 0.9755458515283842, 0.9755458515283842, 0.9755458515283842], [0.9798495432563138, 0.9779688339602365, 0.9785061794734013, 0.9785061794734013, 0.9785061794734013], [0.9784092713129068, 0.9779330052389268, 0.9796793141768535, 0.9801555802508335, 0.9801555802508335], [0.9788192879675529, 0.9788192879675529, 0.9789319513294277, 0.9796079315006759, 0.9805092383956737], [0.9793085385018334, 0.9793085385018334, 0.9796577614807054, 0.9793958442465515, 0.9803562074384494]], "test_scores": [[0.9738128491620112, 0.979050279329609, 0.9759078212290503, 0.9758994062172547, 0.974851554313657], [0.9769553072625698, 0.979050279329609, 0.9780027932960894, 0.9765979741529863, 0.9772965420887181], [0.9787011173184358, 0.979050279329609, 0.9769553072625698, 0.9769472581208523, 0.9755501222493888], [0.9787011173184358, 0.9804469273743017, 0.9769553072625698, 0.9772965420887181, 0.9755501222493888], [0.9804469273743017, 0.9804469273743017, 0.9776536312849162, 0.9786936779601816, 0.9765979741529863]], "fit_times": [[0.0029664039611816406, 0.003162384033203125, 0.0030281543731689453, 0.003024578094482422, 0.0038814544677734375], [0.004807710647583008, 0.0050258636474609375, 0.004714012145996094, 0.004912376403808594, 0.004848957061767578], [0.007600545883178711, 0.007242441177368164, 0.0071027278900146484, 0.0073757171630859375, 0.007222414016723633], [0.009938240051269531, 0.011331319808959961, 0.009889602661132812, 0.01018834114074707, 0.011422157287597656], [0.012253999710083008, 0.013022899627685547, 0.011981487274169922, 0.01305079460144043, 0.012276411056518555]]}