{"0": {"precision": 0.9839296543359611, "recall": 0.9932659932659933, "f1-score": 0.9885757806549885, "support": 3267}, "1": {"precision": 0.9219858156028369, "recall": 0.8306709265175719, "f1-score": 0.8739495798319329, "support": 313}, "accuracy": 0.979050279329609, "macro avg": {"precision": 0.952957734969399, "recall": 0.9119684598917825, "f1-score": 0.9312626802434607, "support": 3580}, "weighted avg": {"precision": 0.9785138941338751, "recall": 0.979050279329609, "f1-score": 0.9785539927059337, "support": 3580}}