{"train_sizes": [1145, 3722, 6299, 8876, 11454], "train_scores": [[0.9912663755458515, 0.9903930131004367, 0.9903930131004367, 0.9903930131004367, 0.9903930131004367], [0.9857603439011284, 0.9881783987103707, 0.9892530897367007, 0.9892530897367007, 0.9892530897367007], [0.9841244642006668, 0.9841244642006668, 0.9844419749166534, 0.9866645499285601, 0.9866645499285601], [0.9836638125281658, 0.9836638125281658, 0.9837764758900406, 0.9850157728706624, 0.9852410995944119], [0.9839357429718876, 0.9846341889296316, 0.9839357429718876, 0.9851580233979396, 0.9841103544613236]], "test_scores": [[0.9776536312849162, 0.979050279329609, 0.9755586592178771, 0.9741529863779252, 0.9790429619280475], [0.9825418994413407, 0.9800977653631285, 0.9787011173184358, 0.9769472581208523, 0.9793922458959133], [0.979050279329609, 0.9804469273743017, 0.9793994413407822, 0.977645826056584, 0.9779951100244498], [0.9804469273743017, 0.9804469273743017, 0.9780027932960894, 0.9790429619280475, 0.980440097799511], [0.9807960893854749, 0.9818435754189944, 0.9780027932960894, 0.9793922458959133, 0.9793922458959133]], "fit_times": [[0.011602163314819336, 0.011257410049438477, 0.011000394821166992, 0.010591268539428711, 0.010560989379882812], [0.0897066593170166, 0.08077573776245117, 0.07492566108703613, 0.07748651504516602, 0.07754683494567871], [0.2915689945220947, 0.26192331314086914, 0.26886534690856934, 0.23431110382080078, 0.2318096160888672], [0.6248795986175537, 0.5725820064544678, 0.5829401016235352, 0.4977757930755615, 0.4832446575164795], [1.012488603591919, 0.9450960159301758, 0.9498453140258789, 0.837029218673706, 0.9048779010772705]]}