{"0": {"precision": 0.9851334951456311, "recall": 0.9938781756963575, "f1-score": 0.989486515313119, "support": 3267}, "1": {"precision": 0.9295774647887324, "recall": 0.8434504792332268, "f1-score": 0.8844221105527639, "support": 313}, "accuracy": 0.9807262569832402, "macro avg": {"precision": 0.9573554799671817, "recall": 0.9186643274647921, "f1-score": 0.9369543129329414, "support": 3580}, "weighted avg": {"precision": 0.980276222100461, "recall": 0.9807262569832402, "f1-score": 0.9803007167963618, "support": 3580}}