{"train_sizes": [1145, 3722, 6299, 8876, 11454], "train_scores": [[0.9860262008733625, 0.9921397379912664, 0.9921397379912664, 0.9921397379912664, 0.9921397379912664], [0.983342289091886, 0.984954325631381, 0.984954325631381, 0.984954325631381, 0.984954325631381], [0.9803143356088267, 0.9817431338307668, 0.9831719320527068, 0.9838069534846801, 0.9838069534846801], [0.9802839116719243, 0.9805092383956737, 0.9818611987381703, 0.9819738621000451, 0.9809598918431726], [0.9801815959490134, 0.9801815959490134, 0.9818404050986554, 0.9809673476514754, 0.9814911821197835]], "test_scores": [[0.9752094972067039, 0.9752094972067039, 0.9783519553072626, 0.9762486901851205, 0.9731051344743277], [0.9745111731843575, 0.9787011173184358, 0.9755586592178771, 0.9800908138316451, 0.9752008382815229], [0.9821927374301676, 0.979050279329609, 0.973463687150838, 0.9797415298637793, 0.9783443939923158], [0.9804469273743017, 0.9776536312849162, 0.9755586592178771, 0.9793922458959133, 0.9769472581208523], [0.9821927374301676, 0.9811452513966481, 0.9787011173184358, 0.9797415298637793, 0.9783443939923158]], "fit_times": [[0.005148172378540039, 0.005887269973754883, 0.00519871711730957, 0.00532841682434082, 0.00526738166809082], [0.012742996215820312, 0.014441728591918945, 0.01279306411743164, 0.012937545776367188, 0.012491703033447266], [0.021152734756469727, 0.021342992782592773, 0.02162909507751465, 0.02054572105407715, 0.021019697189331055], [0.028738975524902344, 0.029210329055786133, 0.029046297073364258, 0.029201507568359375, 0.029865503311157227], [0.03824257850646973, 0.0387723445892334, 0.038793087005615234, 0.03712606430053711, 0.037317752838134766]]}