{"0": {"precision": 0.9848346982104944, "recall": 0.9938781756963575, "f1-score": 0.9893357708714198, "support": 3267}, "1": {"precision": 0.9293286219081273, "recall": 0.8402555910543131, "f1-score": 0.8825503355704698, "support": 313}, "accuracy": 0.9804469273743017, "macro avg": {"precision": 0.9570816600593108, "recall": 0.9170668833753353, "f1-score": 0.9359430532209447, "support": 3580}, "weighted avg": {"precision": 0.9799817926566842, "recall": 0.9804469273743017, "f1-score": 0.9799995023660574, "support": 3580}}